[{"schemeId":18,"schemeName":"Projects","adapterType":"asana","group":null,"active":true,"adapterMetadataList":[{"metadataId":24,"metadataKey":"resource_type","metadataValue":"project"}],"requestHeaders":[],"restTemplates":{"UPDATE_RECORD":{"templateId":86,"operation":"UPDATE_RECORD","httpVerb":"PUT","restUrl":"api/1.0/projects/${recordId}","specifications":{"Request":{"specId":169,"type":"Request","adapterType":null,"specType":"JOLT","status":"Active","specification":"[{\n  \"operation\": \"shift\",\n  \"spec\": {\n    \"fields\": {\n      \"*\": \"data.&\",\n \"1*|2*|3*|4*|5*|6*|7*|8*|9*|0*\": \"data.custom_fields.&\"\n    }\n  }\n},\n{  \"operation\":\"remove\",\n       \"spec\":{\n            \"data\":\n               {\n                      \"id\":\"\",\n                     \"project\":\"\",\n                     \"resource_type\":\"\"\n               }\n          }\n    }\n]\n","samplePayload":"{\n  \"id\": \"TP-4\",\n  \"fields\": {\n    \"summary\": \"Test for API creation 2\",\n    \"description\": \"Test for API creation 2\",\n    \"assignee\": \"admin\",\n    \"priority\": \"1\",\n    \"reporter\": \"admin\"\n  }\n}","contentAvailable":true,"statusCode":2},"Response":{"specId":170,"type":"Response","adapterType":null,"specType":"JOLT","status":"Active","specification":"[\n  {\n    \"operation\": \"shift\",\n    \"spec\": {\n      \"data\": {\n        \"gid\": \"id\",\n        \"*\": \"fields.&\",\n        \"custom_fields\": {\n          \"*\": {\n            \"enum_value\": {\n              \"gid\": \"fields.@(2,name)\"\n            }\n          }\n        }\n      }\n    }\n}\n]\n","samplePayload":"{\n    \"data\": {\n        \"gid\": \"1206778443601180\",\n        \"resource_type\": \"project\",\n        \"created_at\": \"2024-03-06T17:38:23.098Z\",\n        \"modified_at\": \"2024-03-06T17:56:40.286Z\",\n        \"owner\": {\n            \"gid\": \"1206755804708376\",\n            \"resource_type\": \"user\",\n            \"name\": \"Sagi Gabay\"\n        },\n        \"due_date\": null,\n        \"due_on\": null,\n        \"current_status_update\": null,\n        \"current_status\": null,\n        \"public\": true,\n        \"name\": \"SagiJohnathanMatt_Project_3\",\n        \"notes\": \"\",\n        \"archived\": false,\n        \"workspace\": {\n            \"gid\": \"10501984869267\",\n            \"resource_type\": \"workspace\",\n            \"name\": \"broadcom.com\"\n        },\n        \"team\": {\n            \"gid\": \"1206755963460835\",\n            \"resource_type\": \"team\",\n            \"name\": \"Sagi's First Team\"\n        },\n        \"permalink_url\": \"https://app.asana.com/0/1206778443601180/1206778443601180\",\n        \"default_view\": \"list\",\n        \"default_access_level\": \"editor\",\n        \"minimum_access_level_for_customization\": \"editor\",\n        \"minimum_access_level_for_sharing\": \"editor\",\n        \"start_on\": null,\n        \"completed\": false,\n        \"completed_at\": null,\n        \"completed_by\": null,\n        \"members\": [\n            {\n                \"gid\": \"1206755804708376\",\n                \"resource_type\": \"user\",\n                \"name\": \"Sagi Gabay\"\n            }\n        ],\n        \"custom_field_settings\": [],\n        \"custom_fields\": [],\n        \"color\": null,\n        \"followers\": [\n            {\n                \"gid\": \"1206755804708376\",\n                \"resource_type\": \"user\",\n                \"name\": \"Sagi Gabay\"\n            }\n        ],\n        \"icon\": \"list\"\n    }\n}","contentAvailable":true,"statusCode":2}}},"CREATE_RECORD":{"templateId":84,"operation":"CREATE_RECORD","httpVerb":"POST","restUrl":"api/1.0/projects","specifications":{"Request":{"specId":167,"type":"Request","adapterType":null,"specType":"JOLT","status":"Active","specification":"[{\n    \"operation\": \"shift\",\n    \"spec\": {\n      \"fields\": {\n        \"project\": \"data.projects.[#2]\",\n        \"*\": \"data.&\",\n        \"1*|2*|3*|4*|5*|6*|7*|8*|9*|0*\": \"data.custom_fields.&\"\n      }\n    }\n},\n  {\n    \"operation\": \"remove\",\n    \"spec\": {\n      \"data\": {\n        \"id\": \"\",\n        \"project\": \"\",\n        \"resource_type\": \"\"\n      }\n    }\n    }\n]\n","samplePayload":"{\n  \"fields\": {\n    \"summary\": \"Test for API creation 2\",\n    \"description\": \"Test for API creation 2\",\n    \"priority\": \"1\",\n    \"modifiedTime\": \"01-04-2019 11:46:30.124\",\n    \"severity\": \"2\",\n    \"status\": \"Open\"\n  }\n}","contentAvailable":true,"statusCode":2},"Response":{"specId":168,"type":"Response","adapterType":null,"specType":"JOLT","status":"Active","specification":"[\n  {\n    \"operation\": \"shift\",\n    \"spec\": {\n      \"data\": {\n        \"gid\": \"id\",\n        \"*\": \"fields.&\",\n        \"custom_fields\": {\n          \"*\": {\n            \"enum_value\": {\n              \"gid\": \"fields.@(2,name)\"\n            }\n          }\n        }\n      }\n    }\n}\n]\n","samplePayload":"{\n    \"data\": {\n        \"gid\": \"1206778443601180\",\n        \"resource_type\": \"project\",\n        \"created_at\": \"2024-03-06T17:38:23.098Z\",\n        \"modified_at\": \"2024-03-06T17:38:23.098Z\",\n        \"owner\": {\n            \"gid\": \"1206755804708376\",\n            \"resource_type\": \"user\",\n            \"name\": \"Sagi Gabay\"\n        },\n        \"due_date\": null,\n        \"due_on\": null,\n        \"current_status_update\": null,\n        \"current_status\": null,\n        \"public\": true,\n        \"name\": \"SagiJohnathanMatt_Project_2\",\n        \"notes\": \"\",\n        \"archived\": false,\n        \"workspace\": {\n            \"gid\": \"10501984869267\",\n            \"resource_type\": \"workspace\",\n            \"name\": \"broadcom.com\"\n        },\n        \"team\": {\n            \"gid\": \"1206755963460835\",\n            \"resource_type\": \"team\",\n            \"name\": \"Sagi's First Team\"\n        },\n        \"permalink_url\": \"https://app.asana.com/0/1206778443601180/1206778443601180\",\n        \"default_view\": \"list\",\n        \"default_access_level\": \"editor\",\n        \"minimum_access_level_for_customization\": \"editor\",\n        \"minimum_access_level_for_sharing\": \"editor\",\n        \"start_on\": null,\n        \"completed\": false,\n        \"completed_at\": null,\n        \"completed_by\": null,\n        \"members\": [\n            {\n                \"gid\": \"1206755804708376\",\n                \"resource_type\": \"user\",\n                \"name\": \"Sagi Gabay\"\n            }\n        ],\n        \"followers\": [\n            {\n                \"gid\": \"1206755804708376\",\n                \"resource_type\": \"user\",\n                \"name\": \"Sagi Gabay\"\n            }\n        ],\n        \"custom_field_settings\": [],\n        \"custom_fields\": [],\n        \"color\": null,\n        \"icon\": \"list\"\n    }\n}","contentAvailable":true,"statusCode":2}}},"QUERY_MODIFIED_RECORDS":{"templateId":85,"operation":"QUERY_MODIFIED_RECORDS","httpVerb":"GET","restUrl":"api/1.0/projects?opt_fields=modified_at,name,resource_type,notes,custom_fields.name&archived=false","specifications":{"Request":{"specId":165,"type":"Request","adapterType":null,"specType":null,"status":"Active","specification":null,"samplePayload":null,"contentAvailable":false,"statusCode":2},"Response":{"specId":166,"type":"Response","adapterType":null,"specType":"JOLT","status":"Active","specification":"[\n  {\n    \"operation\": \"shift\",\n    \"spec\": {\n      \"data\": {\n        \"*\": {\n          \"gid\": \"result.[&1].id\",\n          \"*\": \"result.[&1].fields.&\",\n          \"custom_fields\": {\n            \"*\": {\n              \"enum_value\": {\n                \"gid\": \"result.[&4].fields.@(2,name)\"\n              }\n            }\n          }\n        }\n      }\n    }\n    },\n  {\n    \"operation\": \"modify-overwrite-beta\",\n    \"spec\": {\n      \"totalRecords\": \"=size(@(1,result))\"\n    }\n  }\n]\n","samplePayload":"{\n    \"data\": [\n        {\n            \"gid\": \"1206797015148672\",\n            \"custom_fields\": [],\n            \"modified_at\": \"2024-03-08T16:50:12.420Z\",\n            \"name\": \"Upgrade to DoD IL 4 compliance\",\n            \"notes\": \"\",\n            \"resource_type\": \"project\"\n        },\n        {\n            \"gid\": \"1206797129323627\",\n            \"custom_fields\": [],\n            \"modified_at\": \"2024-03-11T19:01:29.530Z\",\n            \"name\": \"Asana Demo Update\",\n            \"notes\": \"Update me!!!!!!\",\n            \"resource_type\": \"project\"\n        },\n        {\n            \"gid\": \"1206755787776989\",\n            \"custom_fields\": [],\n            \"modified_at\": \"2024-03-07T21:59:27.523Z\",\n            \"name\": \"Trial Project\",\n            \"notes\": \"\",\n            \"resource_type\": \"project\"\n        }\n    ]\n}","contentAvailable":true,"statusCode":2}}},"QUERY_RECORD_BY_ID":{"templateId":83,"operation":"QUERY_RECORD_BY_ID","httpVerb":"GET","restUrl":"api/1.0/projects/${recordId}","specifications":{"Request":{"specId":171,"type":"Request","adapterType":null,"specType":null,"status":"Active","specification":null,"samplePayload":null,"contentAvailable":false,"statusCode":2},"Response":{"specId":172,"type":"Response","adapterType":null,"specType":"JOLT","status":"Active","specification":"[\n  {\n    \"operation\": \"shift\",\n    \"spec\": {\n      \"data\": {\n        \"gid\": \"id\",\n        \"*\": \"fields.&\",\n        \"custom_fields\": {\n          \"*\": {\n            \"enum_value\": {\n              \"gid\": \"fields.@(2,name)\"\n            }\n          }\n        }\n      }\n    }\n    }\n]\n","samplePayload":"{\n    \"data\": {\n        \"gid\": \"1206797129323627\",\n        \"archived\": false,\n        \"color\": null,\n        \"completed\": false,\n        \"completed_at\": null,\n        \"created_at\": \"2024-03-08T16:50:09.165Z\",\n        \"current_status\": {\n            \"gid\": \"1206797089402139\",\n            \"author\": {\n                \"gid\": \"1206755769001460\",\n                \"name\": \"Johnathan McGowan\",\n                \"resource_type\": \"user\"\n            },\n            \"color\": \"yellow\",\n            \"created_at\": \"2024-03-08T19:31:15.796Z\",\n            \"created_by\": {\n                \"gid\": \"1206755769001460\",\n                \"name\": \"Johnathan McGowan\",\n                \"resource_type\": \"user\"\n            },\n            \"modified_at\": \"2024-03-08T19:31:15.796Z\",\n            \"resource_type\": \"project_status\",\n            \"text\": \"Summary\\n\\nNext steps\\n\",\n            \"title\": \"Status update - Mar 8\"\n        },\n        \"current_status_update\": {\n            \"gid\": \"1206797089402139\",\n            \"resource_type\": \"status_update\",\n            \"resource_subtype\": \"project_status_update\",\n            \"title\": \"Status update - Mar 8\"\n        },\n        \"custom_fields\": [],\n        \"custom_field_settings\": [],\n        \"default_access_level\": \"editor\",\n        \"default_view\": \"list\",\n        \"due_on\": null,\n        \"due_date\": null,\n        \"followers\": [\n            {\n                \"gid\": \"1206755769001460\",\n                \"name\": \"Johnathan McGowan\",\n                \"resource_type\": \"user\"\n            }\n        ],\n        \"members\": [\n            {\n                \"gid\": \"1206755769001460\",\n                \"name\": \"Johnathan McGowan\",\n                \"resource_type\": \"user\"\n            }\n        ],\n        \"minimum_access_level_for_customization\": \"editor\",\n        \"minimum_access_level_for_sharing\": \"editor\",\n        \"modified_at\": \"2024-03-08T19:29:19.129Z\",\n        \"name\": \"Asana Demo Update\",\n        \"notes\": \"Something here\",\n        \"owner\": {\n            \"gid\": \"1206755769001460\",\n            \"name\": \"Johnathan McGowan\",\n            \"resource_type\": \"user\"\n        },\n        \"permalink_url\": \"https://app.asana.com/0/1206797129323627/1206797129323627\",\n        \"public\": true,\n        \"resource_type\": \"project\",\n        \"start_on\": null,\n        \"team\": {\n            \"gid\": \"1206755769001472\",\n            \"name\": \"Trial Workspace\",\n            \"resource_type\": \"team\"\n        },\n        \"workspace\": {\n            \"gid\": \"1206755769001470\",\n            \"name\": \"Trial Workspace\",\n            \"resource_type\": \"workspace\"\n        }\n    }\n}","contentAvailable":true,"statusCode":2}}}},"default":false},{"schemeId":17,"schemeName":"Tasks","adapterType":"asana","group":null,"active":true,"adapterMetadataList":[{"metadataId":34,"metadataKey":"resource_type","metadataValue":"task"}],"requestHeaders":[],"restTemplates":{"UPDATE_RECORD":{"templateId":82,"operation":"UPDATE_RECORD","httpVerb":"PUT","restUrl":"api/1.0/tasks/${recordId}","specifications":{"Request":{"specId":161,"type":"Request","adapterType":null,"specType":"JOLT","status":"Active","specification":"[{\n  \"operation\": \"shift\",\n  \"spec\": {\n    \"fields\": {\n      \"*\": \"data.&\",\n \"1*|2*|3*|4*|5*|6*|7*|8*|9*|0*\": \"data.custom_fields.&\"\n    }\n  }\n},\n{  \"operation\":\"remove\",\n       \"spec\":{\n            \"data\":\n               {\n                      \"id\":\"\",\n                     \"project\":\"\",\n                     \"resource_type\":\"\"\n               }\n          }\n    }\n]\n","samplePayload":"{\n  \"id\": \"873596874356\",\n  \"fields\": {\n    \"summary\": \"Test for API creation 2\",\n    \"description\": \"Test for API creation 2\",\n    \"assignee\": \"admin\",\n    \"12345\": \"High\",\n    \"0488209\":\"Open\",\n    \"reporter\": \"admin\",\n   \"project\":\"Doug\",\n   \"id\":\"873596874356\",\n   \"resource_type\":\"task\"\n  }\n}","contentAvailable":true,"statusCode":2},"Response":{"specId":162,"type":"Response","adapterType":null,"specType":"JOLT","status":"Active","specification":"[\n  {\n    \"operation\": \"shift\",\n    \"spec\": {\n      \"data\": {\n        \"gid\": \"id\",\n        \"*\": \"fields.&\",\n        \"custom_fields\": {\n          \"*\": {\n            \"enum_value\": {\n              \"gid\": \"fields.@(2,name)\"\n            }\n          }\n        }\n      }\n    }\n}\n]\n","samplePayload":"{\n    \"data\": {\n        \"gid\": \"1200147805930976\",\n        \"projects\": [\n            {\n                \"gid\": \"1200147805930961\",\n                \"resource_type\": \"project\",\n                \"name\": \"ConnectAll Support\"\n            }\n        ],\n        \"resource_type\": \"task\",\n        \"created_at\": \"2021-04-02T20:35:38.069Z\",\n        \"modified_at\": \"2021-04-02T23:40:58.906Z\",\n        \"name\": \"test 1\",\n        \"notes\": \"\",\n        \"assignee\": null,\n        \"completed\": false,\n        \"assignee_status\": \"upcoming\",\n        \"completed_at\": null,\n        \"due_on\": \"2021-04-06\",\n        \"due_at\": null,\n        \"resource_subtype\": \"default_task\",\n        \"start_on\": \"2021-04-02\",\n        \"tags\": [],\n        \"workspace\": {\n            \"gid\": \"1200147733338668\",\n            \"resource_type\": \"workspace\",\n            \"name\": \"goldfingerholdings.com\"\n        },\n        \"num_hearts\": 0,\n        \"num_likes\": 0,\n        \"permalink_url\": \"https://app.asana.com/0/1200147805930961/1200147805930976\",\n        \"parent\": null,\n        \"hearted\": false,\n        \"hearts\": [],\n        \"liked\": false,\n        \"likes\": [],\n        \"memberships\": [\n            {\n                \"project\": {\n                    \"gid\": \"1200147805930961\",\n                    \"resource_type\": \"project\",\n                    \"name\": \"ConnectAll Support\"\n                },\n                \"section\": {\n                    \"gid\": \"1200147805930962\",\n                    \"resource_type\": \"section\",\n                    \"name\": \"To do\"\n                }\n            }\n        ],\n        \"followers\": [\n            {\n                \"gid\": \"1200147805637126\",\n                \"resource_type\": \"user\",\n                \"name\": \"Doug Bass\"\n            }\n        ],\n        \"custom_fields\": [\n            {\n                \"gid\": \"1200147805930966\",\n                \"resource_type\": \"custom_field\",\n                \"created_by\": {\n                    \"gid\": \"1200147805637126\",\n                    \"resource_type\": \"user\",\n                    \"name\": \"Doug Bass\"\n                },\n                \"resource_subtype\": \"enum\",\n                \"type\": \"enum\",\n                \"name\": \"Priority\",\n                \"enabled\": true,\n                \"enum_value\": {\n                    \"gid\": \"1200147805930967\",\n                    \"resource_type\": \"enum_option\",\n                    \"enabled\": true,\n                    \"name\": \"Low\",\n                    \"color\": \"aqua\"\n                },\n                \"enum_options\": [\n                    {\n                        \"gid\": \"1200147805930967\",\n                        \"resource_type\": \"enum_option\",\n                        \"enabled\": true,\n                        \"name\": \"Low\",\n                        \"color\": \"aqua\"\n                    },\n                    {\n                        \"gid\": \"1200147805930968\",\n                        \"resource_type\": \"enum_option\",\n                        \"enabled\": true,\n                        \"name\": \"Medium\",\n                        \"color\": \"yellow-orange\"\n                    },\n                    {\n                        \"gid\": \"1200147805930969\",\n                        \"resource_type\": \"enum_option\",\n                        \"enabled\": true,\n                        \"name\": \"High\",\n                        \"color\": \"purple\"\n                    }\n                ]\n            },\n            {\n                \"gid\": \"1200147805930971\",\n                \"resource_type\": \"custom_field\",\n                \"created_by\": {\n                    \"gid\": \"1200147805637126\",\n                    \"resource_type\": \"user\",\n                    \"name\": \"Doug Bass\"\n                },\n                \"resource_subtype\": \"enum\",\n                \"type\": \"enum\",\n                \"name\": \"Status\",\n                \"enabled\": true,\n                \"enum_value\": {\n                    \"gid\": \"1200147805930972\",\n                    \"resource_type\": \"enum_option\",\n                    \"enabled\": true,\n                    \"name\": \"On track\",\n                    \"color\": \"blue-green\"\n                },\n                \"enum_options\": [\n                    {\n                        \"gid\": \"1200147805930972\",\n                        \"resource_type\": \"enum_option\",\n                        \"enabled\": true,\n                        \"name\": \"On track\",\n                        \"color\": \"blue-green\"\n                    },\n                    {\n                        \"gid\": \"1200147805930973\",\n                        \"resource_type\": \"enum_option\",\n                        \"enabled\": true,\n                        \"name\": \"At risk\",\n                        \"color\": \"yellow\"\n                    },\n                    {\n                        \"gid\": \"1200147805930974\",\n                        \"resource_type\": \"enum_option\",\n                        \"enabled\": true,\n                        \"name\": \"Off track\",\n                        \"color\": \"red\"\n                    }\n                ]\n            }\n        ]\n    }\n}","contentAvailable":true,"statusCode":2}}},"CREATE_RECORD":{"templateId":80,"operation":"CREATE_RECORD","httpVerb":"POST","restUrl":"api/1.0/tasks","specifications":{"Request":{"specId":159,"type":"Request","adapterType":null,"specType":"JOLT","status":"Active","specification":"[{\n    \"operation\": \"shift\",\n    \"spec\": {\n      \"fields\": {\n        \"projects\": \"data.projects.[#2]\",\n        \"*\": \"data.&\",\n        \"1*|2*|3*|4*|5*|6*|7*|8*|9*|0*\": \"data.custom_fields.&\"\n      }\n    }\n},\n  {\n    \"operation\": \"remove\",\n    \"spec\": {\n      \"data\": {\n        \"id\": \"\",\n        \"project\": \"\",\n        \"resource_type\": \"\"\n      }\n    }\n    }\n]\n","samplePayload":"{\n  \"fields\": {\n    \"summary\": \"Test for API creation 2\",\n    \"description\": \"Test for API creation 2\",\n    \"123\": \"1\",\n    \"modifiedTime\": \"01-04-2019 11:46:30.124\",\n    \"severity\": \"2\",\n    \"456\": \"Open\",\n    \"projects\": \"1200147805930961\"\n  }\n}","contentAvailable":true,"statusCode":2},"Response":{"specId":160,"type":"Response","adapterType":null,"specType":"JOLT","status":"Active","specification":"[\n  {\n    \"operation\": \"shift\",\n    \"spec\": {\n      \"data\": {\n        \"gid\": \"id\",\n        \"*\": \"fields.&\",\n        \"custom_fields\": {\n          \"*\": {\n            \"enum_value\": {\n              \"gid\": \"fields.@(2,name)\"\n            }\n          }\n        }\n      }\n    }\n}\n]\n","samplePayload":"{\n  \"data\": {\n    \"custom_fields\": [\n      {\n        \"gid\": \"1200147805930966\",\n        \"resource_type\": \"custom_field\",\n        \"created_by\": {\n          \"gid\": \"1200147805637126\",\n          \"resource_type\": \"user\",\n          \"name\": \"Doug Bass\"\n        },\n        \"resource_subtype\": \"enum\",\n        \"type\": \"enum\",\n        \"name\": \"Priority\",\n        \"enabled\": true,\n        \"enum_value\": {\n          \"gid\": \"47474\"\n        },\n        \"enum_options\": [\n          {\n            \"gid\": \"1200147805930967\",\n            \"resource_type\": \"enum_option\",\n            \"enabled\": true,\n            \"name\": \"Low\",\n            \"color\": \"aqua\"\n          },\n          {\n            \"gid\": \"1200147805930968\",\n            \"resource_type\": \"enum_option\",\n            \"enabled\": true,\n            \"name\": \"Medium\",\n            \"color\": \"yellow-orange\"\n          },\n          {\n            \"gid\": \"1200147805930969\",\n            \"resource_type\": \"enum_option\",\n            \"enabled\": true,\n            \"name\": \"High\",\n            \"color\": \"purple\"\n          }\n        ]\n      },\n      {\n        \"gid\": \"1200147805930971\",\n        \"resource_type\": \"custom_field\",\n        \"created_by\": {\n          \"gid\": \"1200147805637126\",\n          \"resource_type\": \"user\",\n          \"name\": \"Doug Bass\"\n        },\n        \"resource_subtype\": \"enum\",\n        \"type\": \"enum\",\n        \"name\": \"Status\",\n        \"enabled\": true,\n        \"enum_value\": null,\n        \"enum_options\": [\n          {\n            \"gid\": \"1200147805930972\",\n            \"resource_type\": \"enum_option\",\n            \"enabled\": true,\n            \"name\": \"On track\",\n            \"color\": \"blue-green\"\n          },\n          {\n            \"gid\": \"1200147805930973\",\n            \"resource_type\": \"enum_option\",\n            \"enabled\": true,\n            \"name\": \"At risk\",\n            \"color\": \"yellow\"\n          },\n          {\n            \"gid\": \"1200147805930974\",\n            \"resource_type\": \"enum_option\",\n            \"enabled\": true,\n            \"name\": \"Off track\",\n            \"color\": \"red\"\n          }\n        ]\n      }\n    ],\n    \"gid\": \"1200153515615427\",\n    \"projects\": [\n      {\n        \"gid\": \"1200147805930961\",\n        \"resource_type\": \"project\",\n        \"name\": \"ConnectAll Support\"\n      }\n    ],\n    \"resource_type\": \"task\",\n    \"created_at\": \"2021-04-05T17:00:53.104Z\",\n    \"modified_at\": \"2021-04-05T17:00:53.104Z\",\n    \"name\": \"test 12\",\n    \"notes\": \"\",\n    \"assignee\": null,\n    \"completed\": false,\n    \"assignee_status\": \"upcoming\",\n    \"completed_at\": null,\n    \"due_on\": null,\n    \"due_at\": null,\n    \"resource_subtype\": \"default_task\",\n    \"start_on\": null,\n    \"tags\": [],\n    \"workspace\": {\n      \"gid\": \"1200147733338668\",\n      \"resource_type\": \"workspace\",\n      \"name\": \"goldfingerholdings.com\"\n    },\n    \"num_hearts\": 0,\n    \"num_likes\": 0,\n    \"permalink_url\": \"https://app.asana.com/0/1200147805930961/1200153515615427\",\n    \"parent\": null,\n    \"hearted\": false,\n    \"hearts\": [],\n    \"liked\": false,\n    \"likes\": [],\n    \"memberships\": [\n      {\n        \"project\": {\n          \"gid\": \"1200147805930961\",\n          \"resource_type\": \"project\",\n          \"name\": \"ConnectAll Support\"\n        },\n        \"section\": {\n          \"gid\": \"1200147805930962\",\n          \"resource_type\": \"section\",\n          \"name\": \"To do\"\n        }\n      }\n    ],\n    \"followers\": [\n      {\n        \"gid\": \"1200147805637126\",\n        \"resource_type\": \"user\",\n        \"name\": \"Doug Bass\"\n      }\n    ]\n  }\n}","contentAvailable":true,"statusCode":2}}},"QUERY_MODIFIED_RECORDS":{"templateId":81,"operation":"QUERY_MODIFIED_RECORDS","httpVerb":"GET","restUrl":"api/1.0/workspaces/${workspace}/tasks/search?modified_at.after=${last-modified-time}&opt_fields=name,resource_type,resource_subtype,modified_at,notes,projects,due_on","specifications":{"Request":{"specId":157,"type":"Request","adapterType":null,"specType":null,"status":"Active","specification":null,"samplePayload":null,"contentAvailable":false,"statusCode":2},"Response":{"specId":158,"type":"Response","adapterType":null,"specType":"JOLT","status":"Active","specification":"[\n  {\n    \"operation\": \"shift\",\n    \"spec\": {\n      \"data\": {\n        \"*\": {\n          \"gid\": \"result.[&1].id\",\n          \"*\": \"result.[&1].fields.&\",\n          \"projects\": {\n            \"0\": {\n              \"gid\": \"result.[&1].fields.projects\"\n            }\n          },\n          \"custom_fields\": {\n            \"*\": {\n              \"enum_value\": {\n                \"gid\": \"result.[&4].fields.@(2,name)\"\n              }\n            }\n          }\n        }\n      }\n    }\n    },\n  {\n    \"operation\": \"modify-overwrite-beta\",\n    \"spec\": {\n      \"totalRecords\": \"=size(@(1,result))\"\n    }\n  }\n]\n","samplePayload":"{\n    \"data\": [\n        {\n            \"gid\": \"1206832617893539\",\n            \"modified_at\": \"2024-03-13T15:17:51.958Z\",\n            \"name\": \"Asana Demo Task Update again!!!\",\n            \"notes\": \"\",\n            \"projects\": [\n                {\n                    \"gid\": \"1206797129323627\",\n                    \"resource_type\": \"project\"\n                }\n            ],\n            \"resource_type\": \"task\",\n            \"resource_subtype\": \"default_task\"\n        }\n    ]\n}","contentAvailable":true,"statusCode":2}}},"QUERY_RECORD_BY_ID":{"templateId":79,"operation":"QUERY_RECORD_BY_ID","httpVerb":"GET","restUrl":"api/1.0/tasks/${recordId}","specifications":{"Request":{"specId":163,"type":"Request","adapterType":null,"specType":null,"status":"Active","specification":null,"samplePayload":null,"contentAvailable":false,"statusCode":2},"Response":{"specId":164,"type":"Response","adapterType":null,"specType":"JOLT","status":"Active","specification":"[\n  {\n    \"operation\": \"shift\",\n    \"spec\": {\n      \"data\": {\n        \"gid\": \"id\",\n        \"*\": \"fields.&\",\n        \"projects\": {\n          \"0\": {\n            \"gid\": \"fields.projects\"\n          }\n        },\n        \"custom_fields\": {\n          \"*\": {\n            \"enum_value\": {\n              \"gid\": \"fields.@(2,name)\"\n            }\n          }\n        }\n      }\n    }\n    }\n]\n","samplePayload":"{\n  \"data\": {\n    \"gid\": \"1206831599615945\",\n    \"actual_time_minutes\": null,\n    \"assignee\": null,\n    \"assignee_status\": \"upcoming\",\n    \"completed\": false,\n    \"completed_at\": null,\n    \"created_at\": \"2024-03-13T13:12:26.684Z\",\n    \"custom_fields\": [],\n    \"due_at\": null,\n    \"due_on\": \"2024-03-13\",\n    \"followers\": [\n      {\n        \"gid\": \"1206755769001460\",\n        \"name\": \"Johnathan McGowan\",\n        \"resource_type\": \"user\"\n      }\n    ],\n    \"hearted\": false,\n    \"hearts\": [],\n    \"liked\": false,\n    \"likes\": [],\n    \"memberships\": [\n      {\n        \"project\": {\n          \"gid\": \"1206797129323627\",\n          \"name\": \"Asana Demo Update from Asana timestamp\",\n          \"resource_type\": \"project\"\n        },\n        \"section\": {\n          \"gid\": \"1206797129323638\",\n          \"name\": \"Untitled section\",\n          \"resource_type\": \"section\"\n        }\n      }\n    ],\n    \"modified_at\": \"2024-03-13T13:39:43.670Z\",\n    \"name\": \"Asana Task for Uma update 9:39\",\n    \"notes\": \"\",\n    \"num_hearts\": 0,\n    \"num_likes\": 0,\n    \"parent\": null,\n    \"permalink_url\": \"https://app.asana.com/0/1206797129323627/1206831599615945\",\n    \"projects\": [\n      {\n        \"gid\": \"1206797129323627\",\n        \"name\": \"Asana Demo Update from Asana timestamp\",\n        \"resource_type\": \"project\"\n      },\n      {\n        \"gid\": \"1234567890\",\n        \"name\": \"Dummy project\",\n        \"resource_type\": \"project\"\n      }\n    ],\n    \"resource_type\": \"task\",\n    \"start_at\": null,\n    \"start_on\": null,\n    \"tags\": [],\n    \"resource_subtype\": \"default_task\",\n    \"workspace\": {\n      \"gid\": \"1206755769001470\",\n      \"name\": \"Trial Workspace\",\n      \"resource_type\": \"workspace\"\n    }\n  }\n}","contentAvailable":true,"statusCode":2}}}},"default":false}]