[{"schemeId":9,"schemeName":"Default","adapterType":"asana","group":null,"active":false,"adapterMetadataList":[],"requestHeaders":[],"restTemplates":{"QUERY_MODIFIED_RECORDS":{"templateId":14,"operation":"QUERY_MODIFIED_RECORDS","httpVerb":"GET","restUrl":"/api/1.0/projects/${project}/tasks?opt_fields=permalink_url,assignee,tags,due_on,completed,parent,start_on,notes,custom_fields,gid,resource_type,created_at,modified_at,name&limit=100&modified_since=${last-modified-time}","specifications":{"Request":{"specId":32,"type":"Request","adapterType":null,"specType":null,"status":"Draft","specification":null,"samplePayload":null,"contentAvailable":false,"statusCode":0},"Response":{"specId":31,"type":"Response","adapterType":null,"specType":"JOLT","status":"Draft","specification":"[\n  {\n    \"operation\": \"shift\",\n    \"spec\": {\n      \"data\": {\n        \"*\": {\n          \"gid\": \"result.[&1].id\",\n          \"*\": \"result.[&1].fields.&\",\n          \"custom_fields\": {\n            \"*\": {\n              \"enum_value\": {\n                \"gid\": \"result.[&4].fields.@(2,name)\"\n              }\n            }\n          }\n        }\n      }\n    }\n    },\n  {\n    \"operation\": \"modify-overwrite-beta\",\n    \"spec\": {\n      \"totalRecords\": \"=size(@(1,result))\"\n    }\n  }\n]\n","samplePayload":"{\n    \"data\": [\n        {\n            \"gid\": \"1200147805930976\",\n            \"created_at\": \"2021-04-02T20:35:38.069Z\",\n            \"modified_at\": \"2021-04-02T20:35:39.797Z\",\n            \"name\": \"Create Documentation\",\n            \"resource_type\": \"task\",\n            \"custom_fields\":[\n              {\n                 \"name\":\"Priority\",\n                 \"enum_value\":{\n                     \"gid\":\"873453\"\n                  }\n            }\n            ]\n        },\n        {\n            \"gid\": \"1200147805930978\",\n            \"created_at\": \"2021-04-02T20:35:38.683Z\",\n            \"modified_at\": \"2021-04-02T20:35:40.085Z\",\n            \"name\": \"Schedule Customer Calls\",\n            \"resource_type\": \"task\"\n        },\n        {\n            \"gid\": \"1200147805930980\",\n            \"created_at\": \"2021-04-02T20:35:39.106Z\",\n            \"modified_at\": \"2021-04-02T20:35:40.363Z\",\n            \"name\": \"Task 3\",\n            \"resource_type\": \"task\",\n\"custom_fields\":[\n              {\n                 \"name\":\"Priority\",\n                 \"enum_value\":{\n                     \"gid\":\"teswt\"\n                  }\n            }\n            ]\n        }\n    ],\n    \"next_page\": null\n}","contentAvailable":true,"statusCode":0}}},"QUERY_RECORD_BY_ID":{"templateId":15,"operation":"QUERY_RECORD_BY_ID","httpVerb":"GET","restUrl":"/api/1.0/tasks/${recordId}?opt_fields=permalink_url,assignee,tags,due_on,completed,parent,start_on,notes,custom_fields,gid,resource_type,created_at,modified_at,name&limit=100","specifications":{"Request":{"specId":28,"type":"Request","adapterType":null,"specType":null,"status":"Draft","specification":null,"samplePayload":null,"contentAvailable":false,"statusCode":0},"Response":{"specId":27,"type":"Response","adapterType":null,"specType":"JOLT","status":"Draft","specification":"[\n  {\n    \"operation\": \"shift\",\n    \"spec\": {\n      \"data\": {\n        \"gid\": \"id\",\n        \"*\": \"fields.&\",\n        \"custom_fields\": {\n          \"*\": {\n            \"enum_value\": {\n              \"gid\": \"fields.@(2,name)\"\n            }\n          }\n        }\n      }\n    }\n    }\n]\n","samplePayload":"{\n    \"data\": {\n        \"gid\": \"1200153515615427\",\n        \"created_at\": \"2021-04-05T17:00:53.104Z\",\n        \"modified_at\": \"2021-04-05T17:00:53.104Z\",\n        \"name\": \"test 12\",\n        \"resource_type\": \"task\",\n        \"custom_fields\":[{\n            \"name\":\"Priority\",\n            \"enum_value\":{\n                \"gid\":\"8889384\"\n            }\n          }]\n    }\n}","contentAvailable":true,"statusCode":0}}},"UPDATE_RECORD":{"templateId":16,"operation":"UPDATE_RECORD","httpVerb":"PUT","restUrl":"/api/1.0/tasks/${recordId}","specifications":{"Request":{"specId":30,"type":"Request","adapterType":null,"specType":"JOLT","status":"Draft","specification":"[{\n  \"operation\": \"shift\",\n  \"spec\": {\n    \"fields\": {\n      \"*\": \"data.&\",\n \"1*|2*|3*|4*|5*|6*|7*|8*|9*|0*\": \"data.custom_fields.&\"\n    }\n  }\n},\n{  \"operation\":\"remove\",\n       \"spec\":{\n            \"data\":\n               {\n                      \"id\":\"\",\n                     \"project\":\"\",\n                     \"resource_type\":\"\"\n               }\n          }\n    }\n]\n","samplePayload":"{\n  \"id\": \"873596874356\",\n  \"fields\": {\n    \"summary\": \"Test for API creation 2\",\n    \"description\": \"Test for API creation 2\",\n    \"assignee\": \"admin\",\n    \"12345\": \"High\",\n    \"0488209\":\"Open\",\n    \"reporter\": \"admin\",\n   \"project\":\"Doug\",\n   \"id\":\"873596874356\",\n   \"resource_type\":\"task\"\n  }\n}","contentAvailable":true,"statusCode":0},"Response":{"specId":29,"type":"Response","adapterType":null,"specType":"JOLT","status":"Draft","specification":"[\n  {\n    \"operation\": \"shift\",\n    \"spec\": {\n      \"data\": {\n        \"gid\": \"id\",\n        \"*\": \"fields.&\",\n        \"custom_fields\": {\n          \"*\": {\n            \"enum_value\": {\n              \"gid\": \"fields.@(2,name)\"\n            }\n          }\n        }\n      }\n    }\n}\n]\n","samplePayload":"{\n    \"data\": {\n        \"gid\": \"1200147805930976\",\n        \"projects\": [\n            {\n                \"gid\": \"1200147805930961\",\n                \"resource_type\": \"project\",\n                \"name\": \"ConnectAll Support\"\n            }\n        ],\n        \"resource_type\": \"task\",\n        \"created_at\": \"2021-04-02T20:35:38.069Z\",\n        \"modified_at\": \"2021-04-02T23:40:58.906Z\",\n        \"name\": \"test 1\",\n        \"notes\": \"\",\n        \"assignee\": null,\n        \"completed\": false,\n        \"assignee_status\": \"upcoming\",\n        \"completed_at\": null,\n        \"due_on\": \"2021-04-06\",\n        \"due_at\": null,\n        \"resource_subtype\": \"default_task\",\n        \"start_on\": \"2021-04-02\",\n        \"tags\": [],\n        \"workspace\": {\n            \"gid\": \"1200147733338668\",\n            \"resource_type\": \"workspace\",\n            \"name\": \"goldfingerholdings.com\"\n        },\n        \"num_hearts\": 0,\n        \"num_likes\": 0,\n        \"permalink_url\": \"https://app.asana.com/0/1200147805930961/1200147805930976\",\n        \"parent\": null,\n        \"hearted\": false,\n        \"hearts\": [],\n        \"liked\": false,\n        \"likes\": [],\n        \"memberships\": [\n            {\n                \"project\": {\n                    \"gid\": \"1200147805930961\",\n                    \"resource_type\": \"project\",\n                    \"name\": \"ConnectAll Support\"\n                },\n                \"section\": {\n                    \"gid\": \"1200147805930962\",\n                    \"resource_type\": \"section\",\n                    \"name\": \"To do\"\n                }\n            }\n        ],\n        \"followers\": [\n            {\n                \"gid\": \"1200147805637126\",\n                \"resource_type\": \"user\",\n                \"name\": \"Doug Bass\"\n            }\n        ],\n        \"custom_fields\": [\n            {\n                \"gid\": \"1200147805930966\",\n                \"resource_type\": \"custom_field\",\n                \"created_by\": {\n                    \"gid\": \"1200147805637126\",\n                    \"resource_type\": \"user\",\n                    \"name\": \"Doug Bass\"\n                },\n                \"resource_subtype\": \"enum\",\n                \"type\": \"enum\",\n                \"name\": \"Priority\",\n                \"enabled\": true,\n                \"enum_value\": {\n                    \"gid\": \"1200147805930967\",\n                    \"resource_type\": \"enum_option\",\n                    \"enabled\": true,\n                    \"name\": \"Low\",\n                    \"color\": \"aqua\"\n                },\n                \"enum_options\": [\n                    {\n                        \"gid\": \"1200147805930967\",\n                        \"resource_type\": \"enum_option\",\n                        \"enabled\": true,\n                        \"name\": \"Low\",\n                        \"color\": \"aqua\"\n                    },\n                    {\n                        \"gid\": \"1200147805930968\",\n                        \"resource_type\": \"enum_option\",\n                        \"enabled\": true,\n                        \"name\": \"Medium\",\n                        \"color\": \"yellow-orange\"\n                    },\n                    {\n                        \"gid\": \"1200147805930969\",\n                        \"resource_type\": \"enum_option\",\n                        \"enabled\": true,\n                        \"name\": \"High\",\n                        \"color\": \"purple\"\n                    }\n                ]\n            },\n            {\n                \"gid\": \"1200147805930971\",\n                \"resource_type\": \"custom_field\",\n                \"created_by\": {\n                    \"gid\": \"1200147805637126\",\n                    \"resource_type\": \"user\",\n                    \"name\": \"Doug Bass\"\n                },\n                \"resource_subtype\": \"enum\",\n                \"type\": \"enum\",\n                \"name\": \"Status\",\n                \"enabled\": true,\n                \"enum_value\": {\n                    \"gid\": \"1200147805930972\",\n                    \"resource_type\": \"enum_option\",\n                    \"enabled\": true,\n                    \"name\": \"On track\",\n                    \"color\": \"blue-green\"\n                },\n                \"enum_options\": [\n                    {\n                        \"gid\": \"1200147805930972\",\n                        \"resource_type\": \"enum_option\",\n                        \"enabled\": true,\n                        \"name\": \"On track\",\n                        \"color\": \"blue-green\"\n                    },\n                    {\n                        \"gid\": \"1200147805930973\",\n                        \"resource_type\": \"enum_option\",\n                        \"enabled\": true,\n                        \"name\": \"At risk\",\n                        \"color\": \"yellow\"\n                    },\n                    {\n                        \"gid\": \"1200147805930974\",\n                        \"resource_type\": \"enum_option\",\n                        \"enabled\": true,\n                        \"name\": \"Off track\",\n                        \"color\": \"red\"\n                    }\n                ]\n            }\n        ]\n    }\n}","contentAvailable":true,"statusCode":0}}},"CREATE_RECORD":{"templateId":13,"operation":"CREATE_RECORD","httpVerb":"POST","restUrl":"/api/1.0/tasks","specifications":{"Request":{"specId":26,"type":"Request","adapterType":null,"specType":"JOLT","status":"Draft","specification":"[{\n    \"operation\": \"shift\",\n    \"spec\": {\n      \"fields\": {\n        \"project\": \"data.projects.[#2]\",\n        \"*\": \"data.&\",\n        \"1*|2*|3*|4*|5*|6*|7*|8*|9*|0*\": \"data.custom_fields.&\"\n      }\n    }\n},\n  {\n    \"operation\": \"remove\",\n    \"spec\": {\n      \"data\": {\n        \"id\": \"\",\n        \"project\": \"\",\n        \"resource_type\": \"\"\n      }\n    }\n    }\n]\n","samplePayload":"{\n  \"fields\": {\n    \"summary\": \"Test for API creation 2\",\n    \"description\": \"Test for API creation 2\",\n    \"123\": \"1\",\n    \"modifiedTime\": \"01-04-2019 11:46:30.124\",\n    \"severity\": \"2\",\n    \"456\": \"Open\",\n    \"project\": \"1200147805930961\"\n  }\n}","contentAvailable":true,"statusCode":0},"Response":{"specId":25,"type":"Response","adapterType":null,"specType":"JOLT","status":"Draft","specification":"[\n  {\n    \"operation\": \"shift\",\n    \"spec\": {\n      \"data\": {\n        \"gid\": \"id\",\n        \"*\": \"fields.&\",\n        \"custom_fields\": {\n          \"*\": {\n            \"enum_value\": {\n              \"gid\": \"fields.@(2,name)\"\n            }\n          }\n        }\n      }\n    }\n}\n]\n","samplePayload":"{\n  \"data\": {\n    \"custom_fields\": [\n      {\n        \"gid\": \"1200147805930966\",\n        \"resource_type\": \"custom_field\",\n        \"created_by\": {\n          \"gid\": \"1200147805637126\",\n          \"resource_type\": \"user\",\n          \"name\": \"Doug Bass\"\n        },\n        \"resource_subtype\": \"enum\",\n        \"type\": \"enum\",\n        \"name\": \"Priority\",\n        \"enabled\": true,\n        \"enum_value\": {\n          \"gid\": \"47474\"\n        },\n        \"enum_options\": [\n          {\n            \"gid\": \"1200147805930967\",\n            \"resource_type\": \"enum_option\",\n            \"enabled\": true,\n            \"name\": \"Low\",\n            \"color\": \"aqua\"\n          },\n          {\n            \"gid\": \"1200147805930968\",\n            \"resource_type\": \"enum_option\",\n            \"enabled\": true,\n            \"name\": \"Medium\",\n            \"color\": \"yellow-orange\"\n          },\n          {\n            \"gid\": \"1200147805930969\",\n            \"resource_type\": \"enum_option\",\n            \"enabled\": true,\n            \"name\": \"High\",\n            \"color\": \"purple\"\n          }\n        ]\n      },\n      {\n        \"gid\": \"1200147805930971\",\n        \"resource_type\": \"custom_field\",\n        \"created_by\": {\n          \"gid\": \"1200147805637126\",\n          \"resource_type\": \"user\",\n          \"name\": \"Doug Bass\"\n        },\n        \"resource_subtype\": \"enum\",\n        \"type\": \"enum\",\n        \"name\": \"Status\",\n        \"enabled\": true,\n        \"enum_value\": null,\n        \"enum_options\": [\n          {\n            \"gid\": \"1200147805930972\",\n            \"resource_type\": \"enum_option\",\n            \"enabled\": true,\n            \"name\": \"On track\",\n            \"color\": \"blue-green\"\n          },\n          {\n            \"gid\": \"1200147805930973\",\n            \"resource_type\": \"enum_option\",\n            \"enabled\": true,\n            \"name\": \"At risk\",\n            \"color\": \"yellow\"\n          },\n          {\n            \"gid\": \"1200147805930974\",\n            \"resource_type\": \"enum_option\",\n            \"enabled\": true,\n            \"name\": \"Off track\",\n            \"color\": \"red\"\n          }\n        ]\n      }\n    ],\n    \"gid\": \"1200153515615427\",\n    \"projects\": [\n      {\n        \"gid\": \"1200147805930961\",\n        \"resource_type\": \"project\",\n        \"name\": \"ConnectAll Support\"\n      }\n    ],\n    \"resource_type\": \"task\",\n    \"created_at\": \"2021-04-05T17:00:53.104Z\",\n    \"modified_at\": \"2021-04-05T17:00:53.104Z\",\n    \"name\": \"test 12\",\n    \"notes\": \"\",\n    \"assignee\": null,\n    \"completed\": false,\n    \"assignee_status\": \"upcoming\",\n    \"completed_at\": null,\n    \"due_on\": null,\n    \"due_at\": null,\n    \"resource_subtype\": \"default_task\",\n    \"start_on\": null,\n    \"tags\": [],\n    \"workspace\": {\n      \"gid\": \"1200147733338668\",\n      \"resource_type\": \"workspace\",\n      \"name\": \"goldfingerholdings.com\"\n    },\n    \"num_hearts\": 0,\n    \"num_likes\": 0,\n    \"permalink_url\": \"https://app.asana.com/0/1200147805930961/1200153515615427\",\n    \"parent\": null,\n    \"hearted\": false,\n    \"hearts\": [],\n    \"liked\": false,\n    \"likes\": [],\n    \"memberships\": [\n      {\n        \"project\": {\n          \"gid\": \"1200147805930961\",\n          \"resource_type\": \"project\",\n          \"name\": \"ConnectAll Support\"\n        },\n        \"section\": {\n          \"gid\": \"1200147805930962\",\n          \"resource_type\": \"section\",\n          \"name\": \"To do\"\n        }\n      }\n    ],\n    \"followers\": [\n      {\n        \"gid\": \"1200147805637126\",\n        \"resource_type\": \"user\",\n        \"name\": \"Doug Bass\"\n      }\n    ]\n  }\n}","contentAvailable":true,"statusCode":0}}}},"default":true}]