{"version":null,"displayName":"asana","type":"asana","logo":"Screen Shot 2021-04-05 at 10.46.59 AM.png","logoSmall":"Screen Shot 2021-04-05 at 10.46.52 AM.png","metadata":[{"name":"resource_type","dependent":false,"dependentMetadata":null,"values":[{"id":"task","name":"Task","attributeName":null,"referenceType":null,"dependents":null,"regex":false}]},{"name":"project","dependent":false,"dependentMetadata":null,"values":[{"id":"1200172279683235","name":"Project Plan","attributeName":null,"referenceType":null,"dependents":null,"regex":false}]}],"fields":[{"id":"start_on","name":"start_on","datatype":"Datetime","values":null},{"id":"parent","name":"parent","datatype":"String","values":[]},{"id":"notes","name":"notes","datatype":"String","values":null},{"id":"completed","name":"completed","datatype":"Boolean","values":null},{"id":"due_on","name":"due_on","datatype":"Datetime","values":null},{"id":"tags","name":"tags","datatype":"Label","values":null},{"id":"1200172279683259","name":"status","datatype":"Select","values":[{"id":"1200172279683260","name":"Not started","attributeName":null,"referenceType":null,"dependents":null,"regex":false},{"id":"1200172279683261","name":"In progress","attributeName":null,"referenceType":null,"dependents":null,"regex":false},{"id":"1200172279683262","name":"Waiting","attributeName":null,"referenceType":null,"dependents":null,"regex":false},{"id":"1200172279683263","name":"Deferred","attributeName":null,"referenceType":null,"dependents":null,"regex":false},{"id":"1200172279683264","name":"Done","attributeName":null,"referenceType":null,"dependents":null,"regex":false}]},{"id":"1200154558677569","name":"priority","datatype":"Select","values":[{"id":"1200154558677570","name":"High","attributeName":null,"referenceType":null,"dependents":null,"regex":false},{"id":"1200154558677571","name":"Medium","attributeName":null,"referenceType":null,"dependents":null,"regex":false},{"id":"1200154558677572","name":"Low","attributeName":null,"referenceType":null,"dependents":null,"regex":false}]},{"id":"name","name":"name","datatype":"String","values":null},{"id":"id","name":"id","datatype":"String","values":null},{"id":"assignee","name":"assignee","datatype":"String","values":null},{"id":"modified_at","name":"modified_at","datatype":"Datetime","values":null},{"id":"permalink_url","name":"permalink_url","datatype":"Url","values":null}],"loginOptions":[],"idFieldName":"id","titleFieldName":"name","projectFieldName":"project","artifactFieldName":"resource_type","testStepsFieldName":null,"changedDateFieldName":"modified_at","dateFormat":"yyyy-MM-dd'T'HH:mm:ss.SSS'Z'","dateTimeFormat":"yyyy-MM-dd'T'HH:mm:ss.SSS'Z'","queryDateFormat":"yyyy-MM-dd'T'HH:mm:ss.SSS'Z'","iso8601DateFormat":true,"commentFieldName":null,"commentFieldId":null,"attachmentFieldName":null,"attachmentFieldId":null,"apiVersion":null,"callBackUrlConfigured":false,"callBackUrls":null,"apiProvider":"ExternalApplication","applicationType":null,"urlDescription":"","userNameDescription":"","passwordDescription":"","paginationSupported":false,"paginationAttributes":null,"status":"Active","active":true,"syncModel":"ReadWrite"}